{
  "fixchef\\cloudflare-env.d.ts": 1776514757.8537896,
  "fixchef\\next-env.d.ts": 1776582469.4733136,
  "fixchef\\next.config.mjs": 1776528731.000675,
  "fixchef\\open-next.config.ts": 1776515665.2850604,
  "fixchef\\postcss.config.mjs": 1775498610.875486,
  "fixchef\\tailwind.config.ts": 1776523978.4175458,
  "fixchef\\vitest.config.ts": 1776502889.7386644,
  "fixchef\\app\\icon.tsx": 1776518201.6141536,
  "fixchef\\app\\layout.tsx": 1776582556.962979,
  "fixchef\\app\\page.tsx": 1776522552.5240135,
  "fixchef\\app\\robots.ts": 1776518201.6151862,
  "fixchef\\app\\sitemap.ts": 1776582556.7561314,
  "fixchef\\app\\about\\page.tsx": 1776536792.170177,
  "fixchef\\app\\api\\chat\\route.ts": 1776525189.2704327,
  "fixchef\\app\\api\\generate\\route.ts": 1776522394.4968736,
  "fixchef\\app\\api\\recipes\\publish\\route.ts": 1776522395.5218303,
  "fixchef\\app\\api\\youtube-search\\route.ts": 1776514848.9184866,
  "fixchef\\app\\category\\[slug]\\page.tsx": 1776522535.3176558,
  "fixchef\\app\\contact\\page.tsx": 1776536814.188279,
  "fixchef\\app\\privacy-policy\\page.tsx": 1776536764.5028377,
  "fixchef\\app\\recipes\\[slug]\\page.tsx": 1776522504.1166365,
  "fixchef\\app\\terms\\page.tsx": 1776536845.691417,
  "fixchef\\components\\AdSlot.tsx": 1776519699.9050984,
  "fixchef\\components\\Breadcrumb.tsx": 1776503554.2238927,
  "fixchef\\components\\CategoryCarousel.tsx": 1776510258.8871982,
  "fixchef\\components\\CategorySection.tsx": 1776524038.8425412,
  "fixchef\\components\\IngredientsList.tsx": 1776524069.5239806,
  "fixchef\\components\\NutritionBlock.tsx": 1776510308.0726318,
  "fixchef\\components\\Pagination.tsx": 1776503567.8706813,
  "fixchef\\components\\RecipeCard.tsx": 1776524024.9055588,
  "fixchef\\components\\RecipeChatbot.tsx": 1776524708.2773447,
  "fixchef\\components\\RecipeHero.tsx": 1776524057.277581,
  "fixchef\\components\\StepGuide.tsx": 1776524082.3232472,
  "fixchef\\components\\TipsSection.tsx": 1776524092.3004,
  "fixchef\\components\\YouTubeEmbed.tsx": 1776503426.7174866,
  "fixchef\\lib\\db.property.test.ts": 1776511594.462456,
  "fixchef\\lib\\db.ts": 1776582557.2139857,
  "fixchef\\lib\\generate.property.test.ts": 1776505675.8177614,
  "fixchef\\lib\\seo.property.test.ts": 1776503151.601363,
  "fixchef\\lib\\seo.ts": 1776502968.555843,
  "fixchef\\lib\\sitemap.property.test.ts": 1776505811.709728,
  "fixchef\\lib\\types.ts": 1776519683.6635976,
  "fixchef\\lib\\validate.property.test.ts": 1776502620.525993,
  "fixchef\\lib\\validate.ts": 1776502396.7842052,
  "fixchef\\lib\\youtube-embed.property.test.ts": 1776505382.9792864,
  "fixchef\\scripts\\seed-more-recipes.js": 1776536007.1885388,
  "fixchef\\scripts\\seed-recipes-batch3.js": 1776536290.68926,
  "fixchef\\scripts\\seed-recipes.js": 1776536019.6876283,
  "fixchef\\README.md": 1775498610.8206987,
  "fixchef\\public\\ads.txt": 1776528760.8847785,
  "fixchef\\public\\favicon.svg": 1776507214.341051
}